id,state
720303,TX
725424,MI
722061,CO
725434,PA
722086,SC
725744,WY
722187,OK
702680,AK
749011,GA
724454,MO
720405,NE
724739,FL
725350,IN
727415,WI
722140,FL
722312,LA
724096,NJ
911649,HI
725634,NE
722864,CA
723788,AZ
722977,CA
725415,MI
727840,WA
720923,ID
727926,WA
726395,MI
724959,CA
726815,ID
701718,AK
997177,AK
720978,NE
749177,CA
722307,LA
722213,FL
720265,AL
724077,NJ
700633,AK
726515,SD
725217,OH
720431,KS
703921,AK
723485,MO
725109,PA
724064,MD
702924,AK
747880,FL
702325,AK
726590,SD
720558,OK
749164,NM
722907,CA
911803,HI
724220,KY
702223,AK
722152,OK
726681,SD
994640,FL
727928,WA
727453,MN
749111,NE
722817,CO
725498,IA
722929,CA
724388,IN
720357,OK
722636,TX
743941,NH
747986,FL
724507,KS
727885,WA
997289,NJ
720311,TX
724457,MO
725985,OR
997354,FL
726518,SD
743945,NH
722238,AL
702754,AK
723815,CA
994024,WA
702653,AK
722508,TX
726775,MT
724453,MO
724339,IL
722780,AZ
690160,CA
725317,IL
726675,MT
721035,GA
723013,NC
726627,SD
998495,FL
747540,LA
723408,AR
723074,NC
727450,MN
998478,CA
720723,LA
997692,OH
722515,TX
718425,ON
998016,AL
720314,TX
720417,KS
725347,IL
722330,LA
725685,WY
722417,IL
698324,NC
994023,CA
998188,MI
997297,MD
726468,WI
723406,AR
998321,MA
722950,CA
722547,TX
998261,AK
721034,TX
722050,FL
726626,WI
727535,ND
997358,FL
722270,GA
720929,WI
721012,ND
720916,LA
423630,LA
720508,AL
723300,MO
724095,NJ
720934,CO
722626,TX
994720,AK
726904,OR
727449,MN
720535,CO
725243,OH
720656,WI
720965,TX
997782,VA
722255,GA
722306,LA
724289,OH
722153,LA
725430,IL
722810,CA
724800,CA
725266,PA
749019,TX
722227,FL
724550,KS
998256,WA
727795,MT
720313,NM
723097,NC
725086,CT
727430,MI
914080,PW
725741,WY
704851,AK
722177,NC
723090,NC
720701,IA
722237,MS
723143,NC
722076,IL
703894,AK
747761,FL
723850,NV
749160,TX
720897,GA
722124,NE
722866,CA
997686,SC
720321,MI
703880,AK
998169,DE
722022,FL
722198,NC
912850,HI
723536,OK
994063,MI
726357,MI
724743,AL
744860,NY
720436,KS
997344,OH
722036,FL
726071,ME
723098,VA
724074,NJ
749022,NJ
720395,TX
722415,TX
720437,KS
721031,TN
724397,IL
998430,AK
720202,OR
702923,AK
727670,ND
997351,FL
994270,NH
727916,WA
724950,CA
724947,CA
723900,CA
998187,SC
726605,SD
994620,FL
722078,OK
745944,MD
700634,AK
749110,NE
724940,CA
720619,WY
720969,WY
998218,LA
997303,MD
723044,NC
726917,OR
722485,LA
726554,MN
749395,AK
720863,ND
725198,NY
720657,MN
998285,FL
994670,AK
722081,MD
723700,AZ
703334,AK
726795,MT
720391,TX
726690,WY
726543,MN
725474,IA
720861,ND
727570,ND
994630,FL
994032,OR
722167,VA
725723,UT
724462,TX
726384,MI
749090,SC
997280,NY
722045,FL
727871,WA
745960,NJ
720637,TX
726656,WA
722182,IL
997371,VA
720491,ND
726565,MN
720484,MO
997376,CA
994016,CA
690240,WA
722974,CA
725404,MI
994450,FL
704820,AK
722785,AZ
720257,GA
720298,TX
722332,WI
998427,AK
724502,KS
726959,OR
723244,TN
726548,MN
720741,NV
723120,SC
724917,CA
722303,LA
725336,IN
720275,MI
998161,CA
998325,VA
725200,PA
727473,MN
723095,NC
703817,AK
722517,TX
997175,AK
723575,OK
997796,AK
725463,IA
720936,NC
726088,ME
722676,NM
702685,AK
722901,CA
720464,KY
722506,TX
726544,MN
724363,IN
723148,NC
998302,FL
997353,FL
744994,NY
725640,WY
726482,MI
911681,HI
723400,AR
726355,MI
997360,LA
723155,NC
725760,WY
997341,MI
725315,IL
722216,SC
749046,FL
723570,OK
749079,MS
997381,AK
722235,AL
722342,MN
720543,IN
725949,CA
722552,TX
725397,MI
722725,NM
724828,CA
727725,MT
726409,WI
724640,CO
720404,TX
724679,CO
722975,CA
726073,ME
725788,ID
720498,VA
720348,GA
700636,AK
997309,MD
724938,CA
720585,MN
994100,NY
723107,SC
722032,MN
722915,CA
725700,CO
723805,CA
A06773,KY
722158,MD
694300,UT
726665,WY
724330,IL
749204,AK
722572,TX
911665,HI
725180,NY
722390,LA
749181,CA
720909,ND
740154,CA
723526,OK
724118,VA
722079,NC
726457,WI
720487,MO
702120,AK
725360,OH
998004,RI
720981,NE
725305,IL
722004,ND
724771,UT
998486,LA
994972,WI
727870,WA
726410,WI
724058,VA
749485,CA
997392,CA
726824,ID
720264,VA
724769,CO
725406,MI
724285,OH
722329,LA
720169,MO
722805,AZ
722581,TX
702006,AK
720996,MT
998202,MS
721002,MT
722219,AL
722900,CA
725037,NY
725080,CT
703865,AK
720278,VA
725528,NE
722144,MN
722546,TX
724755,UT
725450,IA
720641,CO
726360,MI
703431,AK
726562,MN
720579,TX
994018,CA
702031,AK
998165,TX
720346,LA
726464,WI
723890,CA
725249,OH
997288,RI
725867,ID
911907,HI
722368,OK
723746,AZ
726225,NY
723448,AR
747960,FL
997284,CT
998332,CA
722137,GA
724518,KS
726070,ME
724503,ID
703263,AK
725160,VT
701730,AK
722093,MI
720551,NV
726414,WI
724053,VA
690290,TX
720749,WA
724271,WV
998336,HI
723270,TN
703080,AK
722316,LA
726945,OR
720296,TX
702225,AK
725515,NE
700865,AK
726370,MI
721047,WA
997738,WI
747940,FL
724389,LA
724290,OH
720374,FL
727466,MN
911810,HI
726765,MT
998000,FL
724175,WV
997852,VA
726456,WI
727813,WA
723144,NC
722057,FL
727434,MI
726483,MI
745946,MD
725327,IN
725407,MI
720493,VT
723650,NM
998182,TX
993711,VA
722687,NM
723653,NM
724844,NV
720947,ND
726226,WI
747570,MS
720577,TX
720739,LA
725540,NE
725845,CA
725320,IL
725805,NV
725755,UT
720347,GA
702190,AK
720768,VA
722721,NM
723119,SC
726576,MN
720329,CA
998407,MI
720422,KS
747320,NM
722280,AL
721005,MT
749093,OK
720624,SD
724098,NY
723320,MS
997731,MI
747330,NM
722029,FL
749496,GA
720529,CO
723265,TN
749180,CA
723550,OK
722024,FL
724943,CA
994510,TX
994975,NC
690220,NC
722404,LA
997779,NJ
720167,CA
725204,PA
726055,NH
723170,NC
998264,LA
723898,CA
724699,CO
994048,WA
997313,VA
749044,FL
749097,KS
720524,CO
722269,AL
745095,CA
725566,NE
723655,NM
720021,LA
747809,GA
726392,CO
997304,VA
997040,NC
745950,MD
724685,CO
713407,AK
725335,IN
701790,AK
994009,FL
702510,AK
997801,WA
720654,AR
690320,WA
702915,AK
727645,ND
723755,AZ
722221,WY
994200,MI
721033,GA
690140,CA
721028,VT
998164,HI
723264,TN
997797,AK
701210,AK
725373,MI
695364,VA
703625,AK
704090,AK
726583,MN
720578,TX
691334,UT
725467,IA
727577,ND
726284,MI
994047,FL
722545,TX
691774,AK
720933,ND
701970,AK
997290,CT
723923,CA
723825,CA
725253,OH
998342,NJ
725370,MI
725635,NE
997739,MI
725915,CA
725124,PA
724238,KY
722298,LA
700265,AK
724957,CA
749158,NM
720928,OH
722261,FL
724210,KY
722341,FL
720501,VA
720588,MS
994680,AK
723924,CA
724835,CA
722365,LA
723564,OK
998426,NC
725409,MI
723783,AZ
703644,AK
747931,FL
724880,NV
722163,AK
749167,AZ
720327,WI
726350,MI
726720,WY
997340,WI
700639,AK
911903,HI
722666,TX
722553,TX
747043,CA
998198,AK
722484,LA
785350,PR
722347,MS
720609,SC
722160,GA
722294,LA
727640,ND
722437,TX
998275,FL
720549,NV
720297,VA
720918,SD
723723,AZ
722363,TX
720301,GA
726503,WI
917650,AS
997693,VA
722267,AL
724037,VA
724742,FL
722248,LA
722820,LA
722122,TX
727566,MN
720369,ID
722919,CA
726691,SD
725325,IL
720475,MO
701740,AK
726184,ME
727833,ID
725090,MA
700260,AK
726763,MT
722007,MI
998209,NC
722930,CA
727444,MN
690250,NC
724973,CA
725064,MA
724076,NJ
727861,WA
726145,VT
722334,LA
720902,MI
726584,MN
749220,AK
723156,NC
722976,CA
724915,CA
726516,SD
726873,ID
998180,MI
724508,KS
720283,MN
742004,WA
723271,TN
721021,ND
723635,TX
724140,WV
723250,TN
994022,CA
749077,KY
997703,LA
744656,IL
722100,FL
722212,FL
727348,MI
725097,MA
725099,MA
727452,MN
994015,WA
998278,FL
723047,NC
997742,AL
726963,OR
725681,WY
749084,FL
994780,LA
994690,AK
690200,NC
998405,MI
727477,MN
720592,AL
720386,MN
747950,FL
722364,MS
703621,AK
720316,TX
723520,OK
725405,MI
997799,AK
722388,LA
997375,CA
722358,MS
720904,FL
725374,MI
720339,AZ
720455,KY
998439,AL
749096,AR
701975,AK
723894,CA
725171,PA
720479,MO
721013,ND
700001,AK
725065,MA
720541,MS
997270,NJ
723193,NC
994950,CT
722275,AL
912853,HI
749076,IN
727486,MN
723758,WI
724700,UT
722030,FL
744989,NY
725514,MD
725780,ID
725478,IA
703650,AK
722166,GA
723045,NC
998298,FL
720937,MS
722215,FL
722527,TX
702040,AK
725170,PA
725408,MI
727796,MT
722066,FL
727468,MN
721008,MT
720664,LA
720394,AR
722890,CA
749085,GA
723080,VA
723810,CA
725125,PA
998284,FL
723117,SC
994730,TX
703605,AK
724490,MO
997794,NC
994830,GA
747900,SC
997988,MI
720159,LA
725847,CA
722393,LA
743700,NY
723604,TX
702717,AK
749182,MT
723340,TN
722171,IL
998195,HI
749045,FL
720605,SC
724736,UT
749169,CA
702320,AK
722310,LA
722523,TX
725206,PA
722242,LA
749165,NM
723484,MO
725229,OH
720718,LA
720536,CO
724520,KS
725464,IA
724010,VA
721029,IN
720544,CO
722445,TX
722240,FL
722290,AL
724795,UT
726575,MN
998232,AL
720659,TX
722885,CA
727883,WA
724097,NJ
725976,OR
720413,AL
726886,OR
722536,TX
725891,OR
720465,KY
727810,WA
745430,KS
998354,HI
725088,MA
749203,AK
720912,AL
701795,AK
725665,NE
998341,AK
997277,RI
723305,MS
726510,SD
722917,CA
720661,MI
749174,CA
720649,NC
690500,AR
726430,WI
747355,TX
992025,HI
994340,OH
722230,AL
727503,MN
724675,CO
722005,KS
722218,MD
998213,FL
720383,FL
724288,OH
724720,UT
997357,FL
703626,AK
724120,WV
725394,MI
727985,WA
720959,GA
726525,SD
723407,AR
724014,VA
998259,AK
998001,OH
722309,LA
722826,PA
994064,MI
911820,HI
720565,UT
720726,TX
720986,NE
725025,NJ
997691,VA
724020,VA
720258,MN
724926,CA
723914,CA
720521,WY
994590,NY
722521,TX
722111,AL
722252,MN
722925,CA
703059,AK
727340,MI
727031,ME
722675,TX
690138,NC
722019,FL
725483,IA
723183,TN
701995,AK
744666,IL
720777,VA
725038,NY
720531,CO
727964,WA
747810,GA
722339,LA
997367,MS
723897,CA
701486,AK
722326,LA
722126,IL
726425,WI
726163,NH
721026,ND
720379,KY
722327,LA
722361,FL
703815,AK
723303,MS
725121,VT
998193,HI
723150,NC
720382,AK
722530,TX
997179,AK
701748,AK
725493,IA
726130,NH
997366,TX
727514,MN
722178,OK
744864,NY
722300,AL
994750,CT
720856,AL
722367,MO
702647,AK
725626,NE
700863,AK
725477,IA
997734,CA
998481,TX
724936,CA
723675,NM
703407,AK
746930,NC
722640,TX
998159,CA
720632,SC
724696,CO
724937,CA
997389,NC
725620,NE
720919,TX
723110,GA
998428,NJ
744680,IN
994220,FL
998479,CA
723647,NM
703610,AK
703058,AK
723060,NC
702677,AK
720324,PA
724066,MD
726660,WY
724084,NJ
747946,FL
720645,CA
720582,MN
722691,GA
722201,NC
725555,NE
749100,AR
722035,FL
998158,AK
725468,IA
720198,MI
701791,AK
721037,NC
722556,TX
727530,ND
726603,MN
747680,MS
998440,AL
725387,MI
723010,NC
727680,MT
998348,VA
724927,CA
725645,WY
722599,TX
745945,MD
715915,BC
744550,IA
720291,TX
727470,MN
727431,MI
726586,MN
726880,OR
722356,MS
997786,VA
726509,WI
745097,CA
998007,WA
727347,MI
997312,MD
722249,OH
747830,FL
727457,MN
997293,OH
997348,FL
720597,SC
727938,WA
721016,ND
702490,AK
720472,ME
725330,IN
720719,LA
720358,OK
726685,SD
725814,UT
725115,PA
724506,KS
702350,AK
720911,ND
725457,IA
722540,TX
703926,AK
998493,FL
726555,MN
720539,CO
724040,MD
724956,CA
746720,TN
726227,NY
720999,MT
724796,UT
997286,PA
725826,NV
722350,MS
722103,FL
722359,MS
727815,WA
722387,LA
722199,OK
724504,KS
994190,WI
691174,MD
722764,AZ
997813,AK
720572,UT
723761,TX
747985,FL
703675,AK
749173,AZ
997176,AK
700635,AK
720397,OH
722114,MN
723231,AL
724343,MO
749078,GA
724200,OH
724515,KS
725841,CA
997178,AK
725119,PA
722600,TX
702740,AK
725087,CT
723787,AZ
724510,KS
723066,NC
726170,VT
725680,WY
722543,TX
722656,TX
703656,AK
723062,NC
725010,NY
912120,GU
725095,MA
998222,HI
724460,MO
724025,VA
720274,NC
727884,WA
720997,MT
720518,WY
720533,CO
723676,NM
749049,FL
720772,NM
723527,OK
722217,GA
725250,OH
727918,WA
725910,CA
723016,NC
749473,NM
745310,CO
723194,NC
997785,MI
725646,WY
997369,TX
724046,DE
725489,IA
724463,MO
690230,WA
723556,OK
722077,GA
746410,OK
725208,OH
723190,SC
720775,TN
727675,ND
725710,CO
702697,AK
724273,WV
998178,AK
724580,KS
723436,AR
997706,OR
726589,MN
722091,OK
744652,IL
725254,OH
749013,FL
702646,AK
992012,NC
994061,MI
724690,CO
726809,ID
720935,CA
724741,FL
720266,IN
723099,NC
997814,AK
720309,IA
745054,CA
722407,LA
725378,MI
723528,OK
747040,CA
726388,MI
703950,AK
727630,ND
998282,LA
722369,TX
747917,SC
722821,LA
720606,SC
724170,WV
720168,TN
720629,MI
723115,SC
726069,MA
725184,NY
725763,WY
742077,NC
998435,NY
727917,WA
720675,NV
726986,OR
720866,ND
726068,MA
702746,AK
724680,CO
724398,IL
746710,KY
722425,TX
694604,AK
726460,WI
723180,VA
722888,MI
723762,CA
720671,GA
747187,CA
726380,MI
725724,UT
720991,CO
722055,FL
726834,OR
725825,NV
723656,NM
723235,AL
724767,CO
727850,WA
997345,FL
720284,MI
722406,LA
724565,KS
727970,WA
722908,CA
726452,WI
998482,TX
726816,ID
997705,FL
722394,LA
997386,AK
725939,IA
701940,AK
998186,SC
722323,TX
747804,GA
702987,AK
724335,IL
747805,GA
724836,CA
998225,TX
720562,WA
690090,FL
726450,WI
912944,HI
722618,TX
997993,NH
997990,SC
726559,MN
722174,TX
720151,TX
726593,MN
720415,MI
911780,HI
722049,FL
700264,AK
725785,ID
997741,WI
723048,NC
725375,MI
724294,OH
724250,WV
725063,MA
726427,WI
720616,MO
722620,TX
742070,WA
725869,ID
997735,IL
747918,SC
723171,CA
702650,AK
727533,MN
725416,MI
722983,CA
723079,NC
727945,WA
720399,FL
724371,IN
722906,CA
723750,AZ
720393,TX
703053,AK
994066,MI
720113,MI
726625,SD
749016,TX
723450,AR
724663,CO
724165,WV
749048,FL
722488,LA
745940,MD
724233,KY
745046,CA
723068,NC
997368,TX
721042,FL
725285,NY
723740,AZ
703670,AK
704898,AK
727517,MN
720317,VA
722118,FL
744905,MA
701333,AK
998442,ME
997994,MD
722231,TX
744915,MA
726499,IA
725287,NY
998245,VA
724295,OH
724770,NV
998015,ME
722550,TX
724834,CA
703333,AK
723419,AR
723567,OK
998254,AK
723530,OK
746120,CA
725207,PA
720387,NM
998255,MI
702310,AK
722288,AL
724765,CO
725194,NY
725905,CA
998497,IL
702595,AK
722305,LA
727845,WA
723490,MO
701780,AK
724627,CO
725316,IL
998328,VA
726400,WI
722127,IL
722176,GA
725396,MI
722933,CA
724430,IL
700365,AK
720110,TX
724468,KS
720952,CA
725708,UT
702790,AK
702495,AK
720648,TX
724276,OH
749226,AK
723116,SC
749087,FL
727873,WA
749074,IN
726587,MN
723440,AR
744104,MA
723108,NC
726985,OR
726504,WI
740035,AZ
720425,KS
744976,NY
702185,AK
720724,NM
720746,GA
724935,CA
722690,NM
911860,HI
720277,NC
749105,NY
720488,MO
720638,OR
692584,NV
701045,AK
724620,CO
726398,MI
724280,OH
720594,TX
720538,CO
724015,VA
703920,AK
724356,IN
998340,CA
720721,LA
725144,PA
749205,AK
725771,WY
726408,WI
722065,FL
726517,SD
720408,PA
726114,VT
725776,WY
724049,VA
697534,CA
722308,LA
720567,UT
997275,ME
720627,OK
721007,MT
749477,CA
724756,UT
722897,CA
722789,AZ
726140,VT
725023,MS
722800,AZ
747760,FL
998281,OH
724673,CO
998425,AK
722867,CA
724177,WV
696464,AZ
747188,CA
998408,CA
722801,AZ
724855,NV
724360,IN
720448,KY
725045,CT
726188,ME
723671,NM
722243,NC
725085,MA
725244,OH
725476,IA
998432,AK
725716,CO
722385,LA
725111,PA
742010,WA
722677,NM
998223,NY
997992,FL
744662,IL
725621,NE
722865,CA
720171,TN
725030,NY
722197,GA
998219,MS
726385,MI
724635,CO
702735,AK
720575,IN
720483,MO
720272,WA
723260,TN
749479,CA
720328,WV
722433,TX
720446,KY
727929,WA
749083,TN
726389,MI
702711,AK
997364,TX
749071,NC
722899,CA
997342,WI
720963,NM
722095,OK
722984,CA
726221,NY
727750,MT
722822,LA
997272,NY
722052,OK
998307,FL
720403,TX
749495,CA
725940,CA
720653,NC
720967,LA
722324,TX
722304,LA
700271,AK
703980,AK
747255,AZ
722179,WI
749094,KS
725454,IA
726881,OR
722109,GA
747870,FL
994029,WA
723140,NC
725039,NY
725386,MI
749159,TX
722012,FL
998473,LA
700637,AK
722745,AZ
722685,NM
744657,IL
722003,MN
994979,MI
720639,TX
725875,NV
723145,NC
722655,TX
720734,ID
722058,FL
702605,AK
722650,TX
726861,ID
726655,WY
726560,SD
724284,OH
722707,TX
720268,GA
726568,MN
726884,OR
724645,CO
726050,NH
720534,CO
692784,AK
726566,MN
722955,CA
720542,TX
725865,ID
720315,TX
701747,AK
997347,FL
723447,AR
724666,CO
725310,IL
725340,IL
703888,AK
720553,NY
720478,MO
724988,NY
722648,TX
722059,WI
723069,NC
997792,MI
725706,UT
722170,GA
724380,IN
727827,WA
720353,KY
997704,AK
726791,MT
725028,NY
746140,NV
726340,MI
911620,HI
702000,AK
724689,CO
724056,VA
723139,NC
722436,TX
726764,MT
724975,IL
725551,NE
723405,AR
726680,SD
727445,MI
702312,AK
700632,AK
720599,SC
721045,MO
726556,MN
745160,CA
726574,WI
725306,IL
723290,MO
749086,MO
720401,AR
721018,ND
998206,AK
720581,NJ
725453,IA
727760,MT
723301,MS
724456,MO
727584,ND
722362,TX
749154,HI
725235,NY
723760,AZ
749155,TX
722575,TX
722696,NM
720261,TX
720299,TX
725354,IN
911975,HI
726157,ME
998211,MD
726419,WI
724320,IN
703051,AK
720622,TX
726540,SD
744214,IN
726508,WI
722134,GA
703057,AK
997333,CA
747807,GA
720855,ND
723401,AR
722253,LA
725049,CT
726156,ME
725462,IA
720895,ND
722188,AR
724395,IL
994860,GA
720987,CO
727515,MN
722044,OK
722113,TX
997793,MI
723625,NM
724115,VA
721019,ND
702315,AK
997279,MA
720887,WI
994037,TX
745201,UT
722186,MI
720681,CA
740184,CA
698414,CO
722978,CA
722021,FL
702520,AK
724386,IN
725957,CA
994700,AK
702070,AK
749047,FL
722315,LA
725565,NE
747335,TX
727978,WA
722926,CA
726546,SD
726836,OR
722256,MA
912834,HI
722557,TX
723786,AZ
722053,FL
724117,VA
727930,WA
727345,MI
723529,OK
723246,TN
724459,MO
998155,CT
723545,OK
722200,FL
725265,PA
745985,VA
998233,MS
724475,KS
724176,WV
997697,MI
997355,FL
721011,ND
997737,MN
725247,OH
747806,GA
692754,FL
724090,NJ
724674,CO
724509,KS
725469,IA
997853,DE
723721,AZ
744658,IL
749170,CA
722730,AZ
722125,MI
726320,MI
703260,AK
720289,GA
724033,VA
725055,MA
723540,OK
997687,NJ
749012,FL
703061,AK
720406,CA
724083,DE
997743,NJ
998185,TX
723094,NC
722039,FL
749179,CA
722193,NC
726700,WY
722279,AL
722544,TX
703860,AK
749058,TX
722985,CA
740020,MD
725707,UT
998197,CA
725245,OH
749168,CA
701046,AK
997708,VA
702674,AK
723114,VA
725956,CA
723291,KY
998199,FL
727497,MN
703855,AK
722194,IL
720982,NE
994973,WI
723921,CA
998277,FL
727446,MN
725185,NY
703887,AK
720351,IA
997302,MD
722346,MI
725816,UT
726466,MN
727825,WA
726704,WY
726086,ME
722447,TX
726187,ME
724754,UT
726676,MT
720344,IA
723640,NM
722192,TX
727554,MN
726671,MT
720742,TX
997314,DC
726438,WI
724505,KS
997291,LA
722202,TX
723660,TX
720994,MT
997356,FL
725490,IA
703500,AK
998172,AK
723990,PA
720306,MO
725015,NY
998429,AK
997301,GA
747930,FL
726519,SD
701793,AK
723544,OK
723086,VA
722185,GA
726766,MT
724953,CA
702795,AK
701338,AK
722196,GA
722319,LA
725155,NY
702960,AK
722355,MS
727504,MN
727925,WA
726596,MN
745090,CA
725533,NE
720602,SC
998168,NY
747390,TX
998006,NC
997983,NC
722657,TX
914130,FM
725625,NE
749073,AL
723980,MD
727506,MN
720776,MS
703335,AK
726798,MT
724127,WV
727755,MT
700638,AK
725494,IA
720165,CA
725750,UT
722616,TX
744865,NY
725094,MA
722116,FL
749099,KS
997736,WI
725075,MA
720977,WY
720381,AL
747770,FL
997296,MD
725627,NE
724045,MD
911904,HI
725067,MA
725089,CT
720714,GA
724337,IL
747920,SC
722453,TX
724676,CO
720674,GA
727650,ND
724721,UT
785430,VI
749109,NJ
723927,CA
998184,TX
722597,TX
703710,AK
720962,GA
725205,PA
723566,OK
726657,ME
722090,GA
724636,CO
725525,NE
721027,CA
722191,NC
745048,CA
724100,VA
911900,HI
747945,FL
724695,CO
724298,OH
725288,NY
997077,NC
724088,DE
720593,IN
745058,CA
720371,MI
722291,NE
720727,TX
720407,NJ
724104,NJ
722697,NM
701945,AK
722439,TX
722953,CA
727573,ND
722284,AL
690014,NM
720652,CA
720646,CA
722673,TX
724420,MO
721041,FL
722223,FL
720160,WV
700869,AK
722040,FL
719690,YT
727349,MI
725224,OH
724028,VA
994978,NJ
720365,OR
726940,OR
998203,MI
724270,TN
726578,MN
703160,AK
997811,NC
720467,LA
998201,MS
726666,WY
998153,FL
997283,CT
725377,MI
723124,SC
720322,ID
704545,AK
726954,OR
998234,MS
997079,MI
720668,TX
722322,KY
725715,CO
720389,MD
749484,ME
722577,TX
723535,OK
747994,LA
703620,AK
722328,LA
749487,OK
720334,MD
749108,NY
722903,CA
722680,NM
723249,TN
744655,IL
726060,ME
740174,CA
690110,MI
723084,VA
722787,AZ
725016,NY
723075,VA
720276,TX
702607,AK
725145,NY
740164,CA
703052,AK
722418,IL
725524,NE
701196,AK
725033,NY
724075,NJ
749051,FL
725040,CT
725850,CA
702913,AK
722728,AZ
723935,CA
726871,ID
722487,LA
997310,NC
726875,OR
703724,AK
690584,CA
693870,YK
722598,TX
747400,TX
720384,MD
997707,ME
723030,NC
727846,WA
720731,TX
725950,CA
723830,CA
722010,FL
725743,WY
744665,IL
727790,MT
721015,ND
911961,HI
690210,NC
745700,OH
722162,AK
725150,NY
724303,OH
994045,FL
703655,AK
740124,CA
994920,CT
785470,VI
749183,MT
998231,MS
720254,WA
720361,AL
722682,LA
723274,TN
727735,MT
723424,AR
749228,AK
690190,TX
722576,TX
997382,AK
725187,NY
726650,WY
724036,VA
747808,GA
724008,NC
722670,TX
720368,MN
725753,UT
722128,NC
724723,UT
724126,WV
701213,AK
722156,GA
725472,IA
722555,TX
725395,MI
720787,MS
722499,TX
726573,MN
727830,ID
700631,AK
721017,ND
722072,TN
725466,IA
726375,MI
722695,NM
994028,CA
720466,LA
726776,MT
724180,DE
720375,MI
749069,NC
702628,AK
725860,ID
720862,ND
726956,OR
722615,TX
726190,ME
998484,TX
994027,CA
723105,SC
722561,TX
740194,CA
994012,CA
997363,TX
997733,FL
720736,IN
742079,WV
998476,CA
994062,WI
725414,MI
725837,CA
724110,VA
721024,ND
722397,LA
723565,OK
723306,MS
691324,NC
722934,CA
913660,MH
723035,NC
723495,MO
998496,CA
722403,LA
744859,NY
720305,TX
726885,OR
720942,NE
998191,HI
727377,MI
725496,IA
726673,MT
722486,LA
725765,WY
747915,SC
725216,OH
703600,AK
720636,MO
725264,PA
749053,FL
722596,TX
720859,WI
994044,CA
911760,HI
703606,AK
703627,AK
727686,MT
720412,IA
703863,AK
720398,WI
723125,SC
746190,CA
720129,NV
723630,TX
722869,CA
724733,UT
720713,OH
998279,FL
712615,BC
722931,CA
720922,UT
702686,AK
721043,TX
724517,KS
719174,NT
720738,GA
724338,IL
747350,TX
720477,MO
720601,SC
703604,AK
724030,VA
997380,AK
726513,SD
724099,NJ
727924,WA
727439,MI
749092,KS
723067,NC
722693,NM
722405,LA
702483,AK
727440,MI
722986,CA
740001,NJ
997788,AK
725580,NE
704540,AK
725156,NY
998327,NH
727676,ND
723626,NC
726223,NY
725047,CT
998317,NC
998166,OH
747240,AZ
722692,VA
726435,WI
725073,MA
722594,TX
725564,NE
725636,NE
722905,CA
994060,ME
747910,SC
720944,OH
722148,NC
997287,ME
724461,MO
998267,NY
724797,UT
723757,AZ
725465,IA
747550,LA
723409,AR
723240,TN
710445,ON
722958,CA
702710,AK
994160,NC
724080,PA
720961,IN
720449,KY
700450,AK
724230,KY
720170,IL
722268,AL
726818,ID
998409,MD
998013,CA
722710,NM
727416,WI
720658,MN
701625,AK
701175,AK
727974,WA
998181,TX
743925,ME
722133,OK
740030,UT
720993,CO
722034,FL
727855,WA
998291,FL
725060,NY
727458,MN
722526,TX
725314,IL
700867,AK
997372,DE
691484,WA
722120,FL
742513,OK
723658,NM
702220,AK
724236,KY
727550,MN
994019,CA
723445,AR
725705,UT
720528,CO
998176,MI
998274,FL
722068,FL
700868,AK
703055,AK
721038,NC
726396,CO
723245,TN
744907,MA
724340,MO
720326,IA
994070,WA
998239,MS
722909,CA
725323,IL
998252,ME
700300,AK
723346,TN
721022,ND
722435,TX
726480,MI
702910,AK
745965,NJ
998162,CA
723929,CA
726797,MT
692364,NV
726189,ME
994971,MA
725500,NE
723928,CA
723926,CA
722735,AZ
722119,FL
726160,NH
724350,KY
999999,AK
725294,NC
722340,MS
997359,MI
720545,CT
720443,KY
994046,MA
722214,TX
722610,TX
725035,NY
722020,FL
722746,AZ
722031,AL
722246,FL
722015,FL
998173,CA
726561,MN
725827,NV
911977,HI
720481,MO
703570,AK
997174,SC
724237,KY
725440,IL
998289,FL
720769,MS
720532,CO
747812,GA
998008,FL
724757,UT
727344,MI
726436,WI
998438,LA
722973,CA
727555,MN
725069,MA
749475,NM
702736,AK
722064,FL
720771,TX
725570,IA
720561,OK
702756,AK
723865,NV
724131,KY
723710,AZ
740144,CA
722783,AZ
720414,OH
723449,AR
720409,GA
725861,ID
720312,IA
726695,SD
998299,FL
997271,NY
724885,NV
722168,MN
724604,KS
998212,FL
724024,VA
724086,PA
720998,MT
725126,PA
744663,IL
723896,CA
720663,WI
723620,NM
722083,SC
722658,TX
727120,ME
727474,MN
725455,IA
704140,AK
722092,OK
725560,NE
724070,NJ
703835,AK
994025,WA
722416,TX
725820,NV
722720,AZ
720559,OK
747460,TX
722595,TX
726553,MN
994930,NY
998351,TX
703830,AK
994660,AK
720975,MS
720699,MD
720456,KY
720603,SC
998196,AL
723870,NV
722704,TX
994130,MI
722593,TX
722860,CA
726403,WI
722423,TX
742005,WA
723435,AR
726418,WI
722274,IA
720773,AL
724089,DE
721004,MT
722927,CA
720589,WI
745057,CA
911976,HI
720318,TX
722295,LA
724458,MO
724060,MD
726399,MI
997278,RI
724375,IN
744659,IL
720411,NM
725074,RI
720864,NC
720279,NC
749089,AL
702600,AK
725670,NE
994140,MA
726606,SD
722075,IL
725300,IL
725066,MA
725400,MO
997285,RI
726915,OR
723444,AR
722080,SC
725628,NE
998294,FL
727580,ND
998306,FL
994977,LA
998474,CA
725650,CO
722056,FL
720294,GA
998271,AK
726461,WI
744660,IN
720295,TX
998228,FL
720926,TX
702660,AK
747560,FL
998477,CA
722386,LA
724671,CO
723601,TX
724297,OH
724916,CA
701336,AK
722535,TX
723147,NC
998333,CA
997365,LA
725084,CT
726799,MT
720504,AL
998323,MD
720614,CA
722898,CA
998487,TX
745200,UT
724370,IN
690524,FL
722070,GA
721014,ND
724390,IL
725291,MD
997361,TX
725946,CA
724287,OH
720903,IN
725484,IA
725293,MD
723020,NC
722028,FL
723756,AZ
722209,TX
749098,LA
998005,SC
997789,AK
697564,AZ
723087,VA
998492,MI
749229,AK
726417,WI
691164,AL
720366,WV
701749,AK
998183,TX
722037,FL
723177,NC
724069,MD
726987,OR
994065,MI
994014,WA
722781,TN
725078,RI
744940,MA
720623,TN
725868,ID
727435,MI
720945,FL
724384,IN
720451,KY
726196,ME
724958,CA
699604,AZ
724047,MD
690260,MI
722146,FL
725497,IA
992022,WA
723840,CA
747685,MS
720932,MS
720979,NE
998337,HI
723065,NC
998241,FL
720340,MI
727469,MN
998265,PA
720307,AL
723123,WI
722823,MD
725486,IA
726558,MN
720988,NE
726916,OR
720858,ND
722276,AL
711680,SD
724006,VA
721025,ND
704891,AK
725647,WY
722149,IL
722333,CO
997294,RI
994790,TX
723146,NC
726810,ID
725345,IL
998242,MI
746375,NM
994031,OR
725786,ID
723429,AR
723759,OK
723915,CA
722210,FL
693254,FL
722408,LA
994020,VA
722260,AL
998208,SC
720949,MO
723627,NM
749221,AK
720735,FL
997787,IN
722525,TX
727437,MI
724646,CO
720669,TX
723546,OK
998189,TX
720259,NC
720666,LA
720576,CA
723100,SC
720631,SC
910660,HI
724057,MD
724365,IN
725283,NY
702715,AK
722972,IL
727685,MT
725810,UT
727923,WA
724845,NV
726682,MN
725830,NV
702075,AK
724055,VA
749055,TX
723418,AR
724466,MO
722287,AL
695424,CA
722700,TX
725334,IN
726774,MT
744904,MA
723089,VA
725230,NY
726585,MN
725196,NY
723510,TX
720120,SC
998350,MD
720282,NC
913340,FM
703816,AK
723055,NC
727856,WA
725290,NY
720634,SC
726416,WI
720611,SC
725100,MA
722366,LA
722141,NC
722688,NM
749017,TX
998010,GA
723085,VA
997791,FL
722094,TX
725630,NE
723434,AR
723930,CA
722173,OK
724286,OH
747750,FL
723814,CA
725947,CA
720613,SC
726074,ME
720402,MO
722183,WI
725473,IA
749067,PA
720643,IA
703891,AK
696334,NM
742066,WA
724105,VA
725113,PA
720725,TX
725027,CT
722338,TX
724856,NV
998431,AK
724464,MO
724113,VA
727927,WA
746941,MS
994974,WI
722136,GA
727478,MN
720319,IL
722590,TX
692494,CA
722420,TX
696454,AZ
725342,IL
722016,FL
702758,AK
726630,WY
726405,WI
725146,NY
998297,FL
997701,FL
724838,CA
726506,WI
723747,AZ
722686,NM
746929,NC
722479,TX
722154,GA
998160,CA
722914,CA
725215,OH
726387,MI
724768,CO
749088,GA
742016,WA
720392,GA
725896,OR
911880,HI
743312,AR
727720,MT
725348,IL
722082,IL
997989,NY
726580,MN
725127,PA
723537,OK
726530,SD
727770,MT
724396,IL
911170,HI
722189,FL
720385,CO
911800,HI
726569,MN
749230,AK
724694,CO
725420,IA
726079,ME
723275,TN
722062,GA
722345,MS
726839,OR
997300,MD
998011,CA
722422,TX
998217,LA
720976,NM
726067,MA
702005,AK
727436,MI
702640,AK
690280,TX
727507,MN
724325,IN
725292,IA
720388,WA
998167,AK
722414,TX
723118,SC
725541,NE
722913,CA
720737,ND
722400,LA
998287,FL
723820,CA
726080,ME
722317,LA
992014,VA
702060,AK
691414,CA
720971,WY
722541,TX
997689,DE
742075,WA
720378,PA
723657,NM
725686,WY
749184,OR
703400,AK
725376,MI
725717,CO
994976,WI
725105,PA
722164,OK
726078,ME
724860,NV
998171,MS
692764,FL
720972,MN
727730,MT
722887,CA
997433,NC
724760,CO
722747,AZ
724035,VA
723293,KY
723884,CA
703925,AK
997982,MI
724650,KS
724773,UT
727476,MN
727834,ID
727684,MT
720948,GA
726381,AL
725346,IL
720569,UT
720537,CO
720281,TX
724516,KS
749112,NE
997802,MI
720854,ND
727973,WA
724585,KS
720476,MO
720323,TX
998436,NY
997695,NC
997795,MI
724913,CA
998353,OR
704897,AK
723600,NM
690174,NV
725140,PA
720507,AL
720964,FL
994610,NC
722563,TX
722554,TX
723181,TN
722006,MN
720586,WI
723920,CA
744672,IL
721032,TX
724555,KS
722583,TX
725307,IL
726588,MN
998163,CA
720293,IA
725165,VT
720363,AL
724385,IN
720867,ND
722786,AZ
745060,CA
725866,ID
726185,ME
745980,VA
726866,ID
725487,IA
723347,TN
720913,LA
747580,MS
724450,MO
725488,IA
722587,TX
724735,UT
720300,GA
992011,NC
720839,NV
702629,AK
725117,PA
727119,ME
690310,AZ
720852,CO
726155,NH
744975,NY
722410,TX
702745,AK
725787,ID
994900,CT
722018,NM
725945,CA
911700,HI
720262,CO
725479,IA
720269,TX
726056,NH
722132,NC
722099,OK
749163,NM
726356,MI
997999,OH
721023,ND
726920,OR
998349,MD
724665,CO
720743,TX
727890,WA
720516,WY
725104,PA
723106,SC
702673,AK
725246,OH
725218,PA
725610,NE
724677,CO
701170,AK
722251,LA
722560,TX
722172,IL
742078,NH
725930,CA
727677,ND
720505,AL
722384,LA
720989,CO
912310,MP
749014,FL
702770,AK
723160,GA
702725,AK
723493,MO
726572,MN
998216,WI
720452,KY
722351,TX
722784,AZ
997337,LA
702224,AK
725061,MA
726667,WY
997698,PA
998286,FL
725280,NY
726500,IA
720747,WY
723070,NC
726563,MN
725079,RI
725057,MA
727937,WA
726449,WI
723659,NM
722225,FL
746925,NC
727505,MN
722959,CA
749486,CA
998491,AL
703640,AK
722286,AL
725895,OR
723443,AR
997806,FL
722868,CA
724815,CA
724400,MO
703885,AK
998009,NY
722195,GA
720915,LA
702645,AK
726514,SD
720263,GA
725648,WY
723122,SC
722098,NY
998154,DE
723011,NC
725190,NY
725103,PA
726883,OR
998175,CA
725485,IA
723961,CA
723925,CA
727915,WA
742300,MT
726761,MT
997997,CA
998334,CA
722348,MS
745431,KS
703715,AK
722025,FL
997306,SC
722448,TX
722970,CA
720604,SC
997362,TX
749057,TX
998475,CA
723525,OK
690330,OR
720519,WY
722123,FL
997281,DE
722115,FL
998157,AK
998236,TX
726426,WI
998224,AK
725195,NY
720345,WY
690170,NV
723109,NC
722874,CA
725470,IA
720517,WY
726166,VT
727975,WA
702550,AK
749488,TX
722788,AZ
726358,IN
998266,NY
725024,NJ
727455,MN
722011,FL
997338,IL
723439,AR
998499,IL
746300,NM
722884,CA
726064,ME
724670,CO
723307,MS
700630,AK
747020,CA
723104,SC
725068,MA
720729,TX
722336,LA
722266,AL
723126,SC
720447,KY
727740,MT
724347,MO
720304,PA
726394,MI
726437,WI
998253,ME
722743,AZ
703330,AK
702675,AK
749113,IA
724017,VA
749015,IN
720172,AR
722813,AZ
722916,CA
722293,LA
703985,AK
724530,OK
722825,NV
723191,NC
997370,TX
703056,AK
703050,AK
998305,FL
723910,CA
726796,MT
720302,TX
720939,ND
997688,MD
997803,MI
722957,CA
702091,AK
746935,NC
724106,VA
720320,TX
998295,FL
724920,CA
722203,CO
723425,AR
723555,OK
726458,WI
998179,OH
722520,TX
743926,ME
724519,KS
725366,OH
720732,TX
720367,MN
749075,IL
720587,LA
745039,CA
701745,AK
703406,AK
725624,NE
745900,NJ
724026,VA
997315,VA
702626,AK
998352,RI
994800,TX
724094,NJ
724810,CA
724050,VA
722157,IL
720722,LA
726440,MN
727687,MT
723284,TN
724235,KY
721001,MT
717110,NB
725128,PA
997995,OR
725958,CA
726083,ME
726547,MN
720957,LA
726887,OR
725458,IA
723200,GA
997709,SC
723754,AZ
727690,MT
724971,CA
749394,AK
724678,CO
702730,AK
726837,OR
722588,TX
994007,HI
724093,DE
742071,WA
691804,FL
725020,NJ
749231,AK
722104,FL
725157,NY
725118,PA
720596,SC
722542,TX
726951,OR
749393,AK
720137,IL
720628,OK
997299,VA
726183,ME
723345,TN
720672,FL
724043,MD
722041,LA
724125,WV
722430,TX
725955,CA
720377,AR
997702,MD
997274,MA
725101,PA
724946,CA
725029,CT
744653,IL
749080,AL
702720,AK
726150,NH
722928,CA
997298,VA
727857,WA
726988,WA
722592,AK
785263,PR
726465,WI
702716,AK
997849,ME
702195,AK
722689,NM
720974,TN
720333,CA
746715,KY
726391,CO
167464,CR
722343,MI
701195,AK
724625,CO
724107,VA
725130,PA
726455,WI
722383,LA
997078,AK
726865,ID
723350,TN
695414,CA
744925,CA
720331,MO
723046,NC
703615,AK
720946,FL
725034,NY
994910,CT
722398,LA
720424,CO
726366,MI
727417,MI
726770,MT
720983,NE
722169,TX
720716,VA
994006,FL
727934,WA
726620,SD
722008,TX
722357,MS
747688,MS
998335,CA
722354,MS
726115,VT
721006,MT
727572,ND
724945,CA
723826,CA
997307,NC
726813,ID
997810,LA
726077,ME
720492,VT
726549,MN
724586,KS
747041,CA
720815,IN
726406,WI
998300,FL
720608,SC
722017,FL
725959,CA
690150,CA
725644,WY
720273,TX
994021,WA
720868,ND
727965,WA
690020,CA
722857,ND
721044,TX
721003,MT
726367,MI
700866,AK
720642,CO
724455,MO
722265,AL
722027,FL
994170,FL
720869,MO
702084,AK
692834,TX
997694,DE
726679,MN
702590,AK
724387,IN
998283,FL
998485,AL
722683,NM
722427,TX
726664,WY
744667,MN
725058,RI
723745,AZ
746939,NC
998014,MA
722920,CA
722151,RI
726116,NH
727376,MI
724776,UT
722033,MN
722273,GA
722924,CA
720354,OK
722580,TX
722539,TX
703884,AK
723050,NC
720655,FL
726550,MN
692694,CA
722159,TX
722589,TX
720356,OK
994760,LA
997781,MD
998269,FL
722749,AZ
787804,GA
997807,FL
722142,ID
723874,CA
726686,SD
720958,KY
726378,AL
722489,TX
726835,OR
994035,CA
724725,UT
722060,FL
997305,VA
725637,NE
722331,IA
720288,NC
998339,MI
997308,VA
722101,CO
742006,WA
998221,AK
725532,NE
749056,TX
701043,AK
722147,GA
722748,AZ
726777,MT
724991,CA
724373,IN
722895,CA
726393,MI
726035,ME
725267,PA
725214,OH
720662,CA
726036,ME
722510,TX
723663,NM
720779,TX
691214,CA
725461,IA
724296,OH
727454,MN
720927,MS
724500,KS
720871,ND
722335,LA
998490,TX
998276,FL
725995,OR
997295,OH
723560,OK
720046,CA
997729,TX
998243,AK
725417,MI
692534,KY
724016,VA
749392,AK
725337,IN
724918,CA
723096,NC
723174,NC
749070,MD
746943,NC
722630,TX
723940,CA
749091,TX
720584,TX
722228,FL
724085,PA
690080,CA
722586,TX
722503,TX
724336,IL
723416,AR
725107,MA
726579,MN
727575,ND
722085,SC
722184,GA
722819,KS
693654,CA
727910,OR
994770,MI
724925,CA
722138,MS
726817,ID
723965,CA
726164,NH
744900,MA
725390,MI
724019,VA
720359,OK
722046,FL
724750,UT
725660,NE
703165,AK
726459,WI
692644,IN
726567,MN
725456,IA
702615,AK
997394,CA
998288,FL
725649,WY
720267,CA
725251,WI
726957,OR
726654,WY
723037,NC
726191,ME
727508,MN
704890,AK
724275,WV
911650,HI
723677,NM
725175,PA
720647,TX
701337,AK
724190,KY
725690,WY
722585,TX
749222,AK
702750,AK
992013,HI
701330,AK
726120,VT
720709,OH
722979,CA
720733,TX
702986,AK
749178,CA
722524,TX
724293,CO
725745,WY
722155,CO
726498,IA
703810,AK
726838,OR
720343,WI
720362,AL
720943,TX
726876,OR
722130,GA
749483,GA
997184,ME
746060,CA
722440,TX
726444,WI
703430,AK
720193,CA
724846,NV
911905,HI
725220,NY
997804,AK
722190,GA
997276,NJ
746940,NC
720494,VT
722904,CA
724660,CO
723678,NM
726505,WI
720376,AL
702004,AK
997343,MI
702186,AK
724567,KS
725036,NY
722516,TX
721048,TX
726950,OR
747820,FL
722297,LA
998174,TX
702035,AK
700860,AK
720744,SC
701719,AK
725520,NE
722883,CA
997991,NY
723078,VA
722051,OK
702648,AK
723513,TX
722067,FL
725197,NY
722205,NE
727900,WA
724766,CO
720651,OH
997798,AK
702670,AK
725385,MI
722446,TX
726980,OR
726134,NH
722396,LA
701746,AK
723415,AR
704896,AK
747686,MS
722726,AZ
720853,ND
722038,FL
997783,VA
722537,TX
749476,CA
725210,OH
725050,NY
725059,MA
720625,OK
742060,WA
720595,CA
722107,TX
994951,FL
703886,AK
720615,CA
722069,FL
722247,NJ
912460,UM
726930,OR
998192,AL
724556,KS
744910,MA
726165,NH
726545,SD
725255,OH
722533,TX
749000,TN
722074,IL
725258,GA
722470,TX
998002,NJ
722135,GA
722923,CA
703410,AK
749162,TX
722108,FL
724560,KS
720482,MO
725499,IA
720914,LA
703054,AK
720048,LA
722654,TX
726467,WI
722204,IL
724029,VA
726507,WI
722143,TX
724655,KS
720917,LA
722054,AR
997292,CA
720352,LA
722444,TX
722129,MN
722245,FL
998177,SC
726404,WI
998296,FL
723654,NM
722570,TX
724361,IN
726386,MI
998012,MI
702719,AK
723816,CA
998329,NC
722224,FL
723860,NV
723403,AR
998235,NY
720665,LA
727125,ME
722480,LA
720626,TX
722637,TX
749054,FL
725260,PA
994090,MI
726564,MN
749396,AK
725475,IA
997393,MD
723348,TX
725495,IA
701190,AK
749219,AK
720644,AZ
722110,FL
702755,AK
998194,LA
997696,WA
722211,NE
994034,CA
727410,WI
723280,TN
722180,GA
700197,AK
722241,NE
746110,CA
722505,TX
722660,TX
725643,WY
749185,WA
725021,TX
722131,NC
994011,OR
723263,TN
749224,AK
720598,SC
998293,FL
997352,FL
725296,ND
722678,NM
701040,AK
722117,FL
726365,MI
727467,MN
724698,CO
720286,TX
726111,NH
702460,AK
723489,MO
997282,NY
702696,AK
723446,AR
726390,MI
724684,CO
746936,NC
746716,KY
725383,MI
720951,GA
998483,TX
720907,TN
720612,SC
749166,CA
722935,CA
725460,IA
690070,CA
997273,MA
998494,FL
720921,TX
724930,CA
727033,ME
725257,LA
722042,TX
727920,WA
720308,NE
997981,SC
725070,RI
726424,WI
726454,WI
727459,MN
747185,CA
724065,MD
722507,TX
720426,KS
722910,CA
725835,NV
725720,UT
994013,WA
722889,CA
722145,MI
726487,MI
994017,CA
724697,CO
744916,MA
727700,MT
725480,IA
726577,MN
720684,WY
726364,MI
994120,CA
722244,MD
702625,AK
749081,GA
725848,CA
724737,FL
723628,TX
725110,PA
746141,NV
720546,NV
997985,AK
725114,PA
997984,OR
725326,IL
724394,IL
722175,GA
722518,TX
723230,AL
724243,KY
726228,NY
998017,VA
749161,TX
720992,CO
726059,NH
724240,KY
994890,CT
722096,NV
727854,WA
720583,MN
702606,AK
725512,NE
723417,AR
744450,NE
721009,MT
725256,OH
720525,CO
726539,SD
723273,TN
698114,CA
704895,AK
722106,FL
997784,AL
727130,ME
724116,VA
994710,TX
722097,IA
724354,KY
720373,FL
746061,CA
726376,MI
998244,FL
994026,OR
747360,TX
722375,LA
720396,TX
994036,CA
749175,CA
749095,AR
725920,CA
721046,LA
722880,CA
743920,ME
722740,AZ
724630,CO
726379,MI
723441,NE
720342,OK
994650,FL
723165,NC
727826,WA
745056,CA
725970,OR
723781,AZ
722073,NC
725186,NY
997732,MI
725098,MA
722285,AL
722239,AL
743946,NH
749068,NC
997346,FL
724830,CA
747186,CA
722954,CA
721036,WY
723077,VA
720355,MD
911978,HI
722014,FL
725526,NE
997173,HI
722684,NM
727984,WA
722236,AL
720667,MS
727976,WA
994041,CA
744661,IL
725120,PA
722047,FL
720995,MT
722071,OK
720835,WI
998322,NC
720059,AZ
720966,GA
725784,ID
722150,GA
722469,TX
725339,IL
722337,TX
722013,FL
726413,WI
722956,CA
726830,OR
725975,OR
740002,CO
727576,ND
725864,ID
720924,MS
722665,TX
998268,AK
727475,MN
740114,CA
749171,CA
695354,MS
724467,MO
703870,AK
724839,CA
722026,FL
722296,LA
720941,ND
722208,WA
994008,FL
726557,MN
720499,VA
722344,MS
998324,VA
720468,LA
997384,HI
724837,CA
725240,OH
723082,LA
722426,TX
749018,TX
727935,WA
720865,ND
720522,WY
997339,IN
749200,AK
727135,ME
722409,LA
691224,CA
720925,LA
998226,TX
722181,GA
997171,AK
724027,VA
745966,NJ
724007,VA
702965,AK
702610,AK
998204,WA
727556,MN
691254,NE
722519,TX
720633,SC
702627,AK
720285,VA
749082,NC
720717,MS
720953,LA
725135,PA
747780,FL
725824,NV
725900,CA
749072,NC
724970,CA
720458,OK
720985,NE
720330,IL
722320,LA
722806,AZ
744714,OH
720968,NC
722089,IL
727860,WA
702757,AK
722886,CA
701335,AK
722859,CA
997996,MI
725556,NE
725054,CT
722395,LA
723785,AZ
724833,CA
725056,RI
720607,SC
703210,AK
723629,TX
725048,CT
725775,WY
726710,WY
723083,VA
724067,MD
722226,FL
723034,NC
720271,TX
725740,WY
722112,TX
720141,IL
749050,FL
725053,NY
725418,MI
722635,TX
725846,CA
998292,FL
725527,NE
749225,AK
692704,GA
724345,MO
726502,WI
727933,WA
701331,AK
720673,AZ
723895,CA
726785,MT
702695,AK
725046,CT
720287,TX
726415,WI
722733,AZ
725510,NE
726463,WI
720635,AZ
994033,CA
747590,MS
722165,MS
702616,AK
722314,LA
722250,GA
726901,OR
726958,OR
725384,MI
724955,CA
722500,TX
722429,TX
725014,NY
725116,PA
726397,MI
727456,MN
998258,AK
997383,AK
720984,NE
727448,MI
727564,MN
998406,CA
725513,NE
720175,AR
701334,AK
725172,VA
